id;first_name;last_name;addresses;email;middle_name;state_of_birth;date_of_birth;place_of_birth;nationality;gender
1;Mitchel;Goyette;Won;Lisa.Jacobs69@gmail.com;COM;Regional;2022-08-02;Account;input seize;FEMALE
2;Santa;Wiegand;white Ergonomic;Torrance.Boyer77@yahoo.com;De-engineered Human microchip;context-sensitive 1080p connecting;2022-08-01;Small Usability;overriding website;MALE
3;Russel;Quigley;Sports iterate;Gerald.Beier38@yahoo.com;invoice;Liaison;2022-08-01;violet bus Data;Arizona;MALE
4;Alicia;Ankunding;Texas;Nelle60@hotmail.com;International;Sleek circuit compress;2022-08-02;forecast;Identity Mouse;FEMALE
5;Felton;Kuphal;plug-and-play Branding Borders;Haylie_Gleason32@gmail.com;Rupiah;Fantastic Clothing payment;2022-08-01;Representative auxiliary Supervisor;Track generate;FEMALE
6;Garland;Champlin;transmit;Jaleel_Zemlak@hotmail.com;virtual Interactions web-enabled;Computers Pizza motivating;2022-08-02;Divide Handcrafted Estate;quantify web-readiness instruction;MALE
7;Carlie;Koepp;Facilitator;Erling.Stiedemann@gmail.com;Product Tennessee Jewelery;convergence;2022-08-02;Principal;transmitter Public-key overriding;FEMALE
8;Raymundo;Hansen;AI withdrawal system;Noemie.Deckow@yahoo.com;PCI;Credit;2022-08-02;Assistant;Checking Seychelles Chicken;FEMALE
9;Eulah;Bruen;Reduced alliance Directives;Kory.Funk@gmail.com;deposit;1080p bricks-and-clicks AI;2022-08-02;overriding;Shoes;FEMALE
10;Aditya;Effertz;payment methodical Handmade;Toney_Hermann@gmail.com;Account digital lime;optical Switchable paradigm;2022-08-02;override Iowa cyan;Administrator;FEMALE
