id;doc_type;first_name;last_name;number;date_of_birth;valid_until;image_url;sub_types;image_trust
1;PASSPORT;Dave;Cremin;Kong Car Rustic;2022-08-01;2022-08-01;New Rustic back-end;BACK_SIDE;Bedfordshire Administrator Luxembourg
2;DRIVERS;Brenna;Jones;cross-platform;2022-08-01;2022-08-02;Rubber Bike;BACK_SIDE;Synergistic program Licensed
3;RESIDENCE_PERMIT;Monroe;Haley;grow Nevada;2022-08-01;2022-08-01;lavender digital;BACK_SIDE;bottom-line real-time Fish
4;SELFIE;Margie;Gerlach;Health Bacon;2022-08-02;2022-08-02;models Shoes;BACK_SIDE;Chief bypassing Account
5;RESIDENCE_PERMIT;Gavin;Mitchell;Tasty Gorgeous;2022-08-01;2022-08-02;driver frame up;FRONT_SIDE;Avon
6;DRIVERS;Zoie;Bins;RAM;2022-08-02;2022-08-01;Luxembourg Tactics mesh;BACK_SIDE;Account Soft open-source
7;RESIDENCE_PERMIT;Otto;Reynolds;Fish;2022-08-01;2022-08-02;connect customized azure;BACK_SIDE;Darussalam Account granular
8;ID_CARD;Jamir;Torphy;Fresh;2022-08-02;2022-08-02;portals;FRONT_SIDE;payment
9;PASSPORT;Walker;Predovic;projection Sleek Rubber;2022-08-01;2022-08-02;Unbranded SDD e-business;BACK_SIDE;FTP Guilder transitional
10;RESIDENCE_PERMIT;Elsa;Corwin;Dakota Row pixel;2022-08-01;2022-08-01;product;FRONT_SIDE;View Fantastic
